"taxon_id","taxon_full","degreeOfEstablishment","locality"
"GymPiPiPnCx50638-00","Abies alba NA","invasive (category D2)","L48"
"GymPiPiPnCx50653-00","Abies firma NA","established (category C3)","L48"
"GymPiPiPnCx50661-00","Abies homolepis NA","established (category C3)","L48"
"AngMaFaFbCx09090-00","Acacia aneura NA","established (category C3)","HI"
"AngMaFaFbCx09107-00","Acacia auriculiformis NA","invasive (category D2)","HI"
"AngMaFaFbCx09107-00","Acacia auriculiformis NA","invasive (category D2)","L48"
"AngMaFaFbCx09110-00","Acacia baileyana NA","invasive (category D2)","L48"
"AngMaFaFbCx09155-00","Acacia confusa NA","widespread invasive (category E)","HI"
"AngMaFaFbCx09174-00","Acacia cyclops NA","invasive (category D2)","L48"
"AngMaFaFbCx09179-00","Acacia dealbata NA","invasive (category D2)","L48"
"AngMaFaFbCx09182-00","Acacia decurrens NA","invasive (category D2)","L48"
"AngMaFaFbCx09206-00","Acacia elata NA","invasive (category D2)","L48"
"AngMaFaFbCx09304-00","Acacia longifolia NA","invasive (category D2)","L48"
"AngMaFaFbCx09317-00","Acacia mangium NA","invasive (category D2)","HI"
"AngMaFaFbCx09323-00","Acacia mearnsii NA","widespread invasive (category E)","HI"
"AngMaFaFbCx09323-00","Acacia mearnsii NA","invasive (category D2)","L48"
"AngMaFaFbCx09325-00","Acacia melanoxylon NA","widespread invasive (category E)","HI"
"AngMaFaFbCx09325-00","Acacia melanoxylon NA","invasive (category D2)","L48"
"AngMaFaFbCx09366-00","Acacia paradoxa NA","invasive (category D2)","L48"
"AngMaFaFbCx09368-00","Acacia parramattensis NA","established (category C3)","HI"
"AngMaFaFbCx09382-00","Acacia podalyriifolia NA","invasive (category D2)","L48"
"AngMaFaFbCx09400-00","Acacia pycnantha NA","invasive (category D2)","L48"
"AngMaFaFbCx09407-00","Acacia redolens NA","established (category C3)","L48"
"AngMaFaFbCx09411-00","Acacia retinodes NA","invasive (category D2)","HI"
"AngMaFaFbCx09411-00","Acacia retinodes NA","invasive (category D2)","L48"
"AngMaFaFbCx09425-00","Acacia saligna NA","invasive (category D2)","L48"
"AngMaFaFbCx09491-00","Acacia verticillata NA","invasive (category D2)","L48"
"AngMaMaPhRb28814-00","Acalypha wilkesiana NA","established (category C3)","L48"
"AngMaSaSpNd47910-00","Acer campestre NA","established (category C3)","L48"
"AngMaSaSpNd47943-00","Acer japonicum NA","established (category C3)","L48"
"AngMaSaSpNd47972-00","Acer palmatum NA","widespread invasive (category E)","L48"
"AngMaSaSpNd47982-00","Acer platanoides NA","widespread invasive (category E)","L48"
"AngMaSaSpNd47983-00","Acer pseudoplatanus NA","widespread invasive (category E)","L48"
"AngMaSaSpNd48005-00","Acer tataricum NA","established (category C3)","L48"
"AngNAPaRcCx49655-00","Acrocomia totai NA","established (category C3)","L48"
"AngMaFaFbCx09521-00","Adenanthera pavonina NA","invasive (category D2)","HI"
"AngMaFaFbCx09521-00","Adenanthera pavonina NA","invasive (category D2)","L48"
"AngMaSaSpNd48028-00","Aesculus hippocastanum NA","established (category C3)","L48"
"GymPiPiPdCr50481-00","Afrocarpus falcatus NA","established (category C3)","HI"
"AngMaSaSmRb47840-00","Ailanthus altissima NA","invasive (category D2)","HI"
"AngMaSaSmRb47840-00","Ailanthus altissima NA","widespread invasive (category E)","L48"
"AngMaFaFbCx09550-00","Albizia adianthifolia NA","established (category C3)","HI"
"AngMaFaFbCx09575-00","Albizia chinensis NA","invasive (category D2)","HI"
"AngMaFaFbCx09598-00","Albizia julibrissin NA","widespread invasive (category E)","L48"
"AngMaFaFbCx09603-00","Albizia lebbeck NA","widespread invasive (category E)","HI"
"AngMaFaFbCx09603-00","Albizia lebbeck NA","invasive (category D2)","L48"
"AngMaFaFbCx09604-00","Albizia lebbekoides NA","established (category C3)","L48"
"AngMaFaFbCx09614-00","Albizia niopoides NA","established (category C3)","HI"
"AngMaFaFbCx09630-00","Albizia procera NA","invasive (category D2)","HI"
"AngMaFaFbCx09630-00","Albizia procera NA","invasive (category D2)","L48"
"AngMaFaFbCx09635-00","Albizia saponaria NA","established (category C3)","HI"
"AngMaMaPhRb28879-00","Aleurites moluccanus NA","established (category C3)","HI"
"AngMaMaPhRb28879-00","Aleurites moluccanus NA","invasive (category D2)","L48"
"AngMaFaBtLc13990-00","Alnus cordata NA","established (category C3)","L48"
"AngMaFaBtLc13996-00","Alnus glutinosa NA","widespread invasive (category E)","L48"
"AngMaFaBtLc14009-00","Alnus nepalensis NA","established (category C3)","HI"
"AngMaRoRhMn43873-00","Alphitonia excelsa NA","invasive (category D2)","HI"
"AngMaGePcYn15330-00","Alstonia macrophylla NA","invasive (category D2)","HI"
"AngMaGePcYn15330-00","Alstonia macrophylla NA","invasive (category D2)","L48"
"AngMaGePcYn15340-00","Alstonia scholaris NA","established (category C3)","L48"
"AngMaMyMyRt37249-00","Angophora costata NA","invasive (category D2)","HI"
"AngMaMaNnNc24958-00","Annona cherimola NA","invasive (category D2)","HI"
"AngMaMaNnNc25016-00","Annona muricata NA","invasive (category D2)","HI"
"AngMaApRlCx00007-00","Aralia chinensis NA","established (category C3)","L48"
"AngMaApRlCx00015-00","Aralia elata NA","invasive (category D2)","L48"
"GymPiPiRcRc50883-00","Araucaria columnaris NA","established (category C3)","HI"
"GymPiPiRcRc50886-00","Araucaria heterophylla NA","established (category C3)","L48"
"AngMaErRcCa06930-00","Arbutus unedo NA","established (category C3)","L48"
"AngNAPaRcCx49669-00","Archontophoenix alexandrae NA","established (category C3)","HI"
"AngMaErPrMl06199-00","Ardisia elliptica NA","widespread invasive (category E)","HI"
"AngMaErPrMl06199-00","Ardisia elliptica NA","invasive (category D2)","L48"
"AngNAPaRcCx49689-00","Arenga pinnata NA","invasive (category D2)","HI"
"AngMaFaFbCx09871-00","Argyrocytisus battandieri NA","established (category C3)","L48"
"AngMaOxLcRp41491-00","Aristotelia chilensis NA","invasive (category D2)","L48"
"AngMaRoMrCx43020-00","Artocarpus heterophyllus NA","widespread invasive (category E)","HI"
"AngMaGeRbCx16103-00","Atractocarpus fitzalanii NA","established (category C3)","HI"
"AngMaCaCcTc03029-00","Austrocylindropuntia subulata NA","established (category C3)","L48"
"AngMaLaCnTh20386-00","Avicennia marina NA","established (category C3)","L48"
"AngMaSaMlCx45950-00","Azadirachta indica NA","invasive (category D2)","HI"
"AngMaPrPrTc42239-00","Banksia integrifolia NA","invasive (category D2)","HI"
"AngMaFaFbCx09996-00","Bauhinia galpinii NA","established (category C3)","L48"
"AngMaFaFbCx10017-00","Bauhinia monandra NA","widespread invasive (category E)","HI"
"AngMaFaFbCx10017-00","Bauhinia monandra NA","invasive (category D2)","L48"
"AngMaFaFbCx10037-00","Bauhinia purpurea NA","invasive (category D2)","L48"
"AngMaRaBrBr42755-00","Berberis julianae NA","invasive (category D2)","L48"
"AngMaFaBtLc14051-00","Betula pendula NA","widespread invasive (category E)","AK"
"AngMaFaBtLc14051-00","Betula pendula NA","widespread invasive (category E)","L48"
"AngMaFaBtLc14054-00","Betula pubescens NA","invasive (category D2)","L48"
"AngMaMaPhYl30851-00","Bischofia javanica NA","invasive (category D2)","HI"
"AngMaMaPhYl30851-00","Bischofia javanica NA","invasive (category D2)","L48"
"AngMaMaBxCx32997-00","Bixa orellana NA","widespread invasive (category E)","HI"
"AngMaMaBxCx32997-00","Bixa orellana NA","invasive (category D2)","L48"
"AngMaRaPpVr42799-00","Bocconia frutescens NA","established (category C3)","HI"
"AngMaErPrMl06344-00","Bonellia macrocarpa NA","established (category C3)","L48"
"AngMaCaNyCt03218-00","Bougainvillea glabra NA","invasive (category D2)","L48"
"AngMaMaMlVc33586-00","Brachychiton populneus NA","established (category C3)","L48"
"AngMaCaCcTc03030-00","Brasiliopuntia brasiliensis NA","established (category C3)","L48"
"AngMaCeClSt03582-00","Brexia madagascariensis NA","established (category C3)","HI"
"AngMaMaPhYl30858-00","Breynia disticha NA","widespread invasive (category E)","HI"
"AngMaMaPhYl30858-00","Breynia disticha NA","invasive (category D2)","L48"
"AngMaRoMrCx43063-00","Brosimum alicastrum NA","established (category C3)","L48"
"AngMaRoMrCx43083-00","Broussonetia papyrifera NA","widespread invasive (category E)","L48"
"AngMaSoSlNc49131-00","Brugmansia sanguinea NA","established (category C3)","L48"
"AngMaSoSlNc49132-00","Brugmansia suaveolens NA","invasive (category D2)","L48"
"AngMaSoSlNc49133-00","Brugmansia versicolor NA","established (category C3)","L48"
"AngMaMaRhZp31787-00","Bruguiera gymnorhiza NA","established (category C3)","L48"
"AngMaMaRhZp31789-00","Bruguiera sexangula NA","established (category C3)","HI"
"AngMaLaScRp21418-00","Buddleja alternifolia NA","established (category C3)","L48"
"AngMaLaScRp21420-00","Buddleja asiatica NA","established (category C3)","HI"
"AngMaLaScRp21432-00","Buddleja madagascariensis NA","widespread invasive (category E)","HI"
"AngMaLaScRp21432-00","Buddleja madagascariensis NA","invasive (category D2)","L48"
"AngMaLaScRp21436-00","Buddleja officinalis NA","established (category C3)","L48"
"AngMaLaScRp21443-00","Buddleja saligna NA","established (category C3)","L48"
"AngLiArRcCx00001-00","Butia capitata NA","established (category C3)","L48"
"AngMaBuBxCa02832-00","Buxus microphylla NA","established (category C3)","L48"
"AngMaBuBxCa02846-00","Buxus sempervirens NA","established (category C3)","L48"
"AngMaFaFbCx10186-00","Caesalpinia pulcherrima NA","widespread invasive (category E)","L48"
"AngMaFaFbCx10210-00","Calliandra haematocephala NA","widespread invasive (category E)","L48"
"AngMaFaFbCx10234-00","Calliandra surinamensis NA","invasive (category D2)","HI"
"AngMaLaLmCx20957-00","Callicarpa macrophylla NA","established (category C3)","HI"
"GymPiPiCpRs50358-00","Callitris columellaris NA","established (category C3)","HI"
"GymPiPiCpRs50358-00","Callitris columellaris NA","established (category C3)","L48"
"GymPiPiCpRs50360-00","Callitris endlicheri NA","established (category C3)","HI"
"AngMaMaClPh27228-00","Calophyllum brasiliense NA","invasive (category D2)","L48"
"AngMaMaClPh27281-00","Calophyllum inophyllum NA","invasive (category D2)","L48"
"AngMaGePcYn15408-00","Calotropis procera NA","widespread invasive (category E)","HI"
"AngMaGePcYn15408-00","Calotropis procera NA","invasive (category D2)","L48"
"AngMaErThCx08885-00","Camellia japonica NA","established (category C3)","L48"
"AngMaErThCx08911-00","Camellia sasanqua NA","established (category C3)","L48"
"AngMaErThCx08915-00","Camellia sinensis NA","widespread invasive (category E)","HI"
"AngMaErThCx08915-00","Camellia sinensis NA","invasive (category D2)","L48"
"AngMaBrCpPr02602-00","Capparidastrum mollicellum NA","established (category C3)","HI"
"AngMaFaFbCx10280-00","Caragana arborescens NA","widespread invasive (category E)","AK"
"AngMaFaFbCx10280-00","Caragana arborescens NA","widespread invasive (category E)","L48"
"AngMaBrCrCc02742-00","Carica papaya NA","widespread invasive (category E)","HI"
"AngMaBrCrCc02742-00","Carica papaya NA","widespread invasive (category E)","L48"
"AngMaGePcYn15416-00","Carissa macrocarpa NA","widespread invasive (category E)","HI"
"AngMaGePcYn15416-00","Carissa macrocarpa NA","invasive (category D2)","L48"
"AngMaFaBtLc14059-00","Carpinus betulus NA","established (category C3)","L48"
"AngNAPaRcCx49835-00","Caryota mitis NA","invasive (category D2)","HI"
"AngNAPaRcCx49835-00","Caryota mitis NA","invasive (category D2)","L48"
"AngNAPaRcCx49839-00","Caryota urens NA","established (category C3)","L48"
"AngMaMaSlCc32207-00","Casearia nitida NA","established (category C3)","L48"
"AngMaFaFbCx10298-00","Cassia afrofistula NA","established (category C3)","L48"
"AngMaFaFbCx10309-00","Cassia fistula NA","established (category C3)","L48"
"AngMaFaFbCx10313-00","Cassia javanica NA","invasive (category D2)","L48"
"AngMaFaFgCx14159-00","Castanea crenata NA","established (category C3)","L48"
"AngMaFaFgCx14162-00","Castanea mollissima NA","established (category C3)","L48"
"AngMaFaFgCx14165-00","Castanea sativa NA","invasive (category D2)","L48"
"AngMaRoMrCx43084-00","Castilla elastica NA","invasive (category D2)","HI"
"AngMaFaCsRn14133-00","Casuarina cunninghamiana NA","invasive (category D2)","HI"
"AngMaFaCsRn14133-00","Casuarina cunninghamiana NA","invasive (category D2)","L48"
"AngMaFaCsRn14134-00","Casuarina equisetifolia NA","widespread invasive (category E)","HI"
"AngMaFaCsRn14134-00","Casuarina equisetifolia NA","invasive (category D2)","L48"
"AngMaFaCsRn14135-00","Casuarina glauca NA","invasive (category D2)","HI"
"AngMaFaCsRn14135-00","Casuarina glauca NA","invasive (category D2)","L48"
"AngMaLaBgNn20042-00","Catalpa longissima NA","established (category C3)","HI"
"AngMaLaBgNn20044-00","Catalpa ovata NA","invasive (category D2)","L48"
"AngMaCeClSt03590-00","Catha edulis NA","established (category C3)","HI"
"AngMaRoRtCc44788-00","Cecropia obtusifolia NA","widespread invasive (category E)","HI"
"AngMaRoRtCc44789-00","Cecropia pachystachya NA","invasive (category D2)","L48"
"AngMaRoRtCc44790-00","Cecropia palmata NA","invasive (category D2)","L48"
"AngMaSaMlCx45978-00","Cedrela odorata NA","widespread invasive (category E)","HI"
"GymPiPiPnCx50686-00","Cedrus deodara NA","established (category C3)","L48"
"AngMaRoCnNb42825-00","Celtis australis NA","established (category C3)","L48"
"AngMaRoCnNb42863-00","Celtis sinensis NA","invasive (category D2)","L48"
"AngMaFaFbCx10351-00","Ceratonia siliqua NA","established (category C3)","L48"
"AngMaSaCrCd48963-00","Cercidiphyllum japonicum NA","established (category C3)","L48"
"AngMaCaCcTc03052-00","Cereus repandus NA","invasive (category D2)","L48"
"AngMaSoSlNc49156-00","Cestrum aurantiacum NA","invasive (category D2)","HI"
"AngMaSoSlNc49166-00","Cestrum diurnum NA","widespread invasive (category E)","HI"
"AngMaSoSlNc49166-00","Cestrum diurnum NA","invasive (category D2)","L48"
"AngMaSoSlNc49190-00","Cestrum nocturnum NA","widespread invasive (category E)","HI"
"AngMaSoSlNc49190-00","Cestrum nocturnum NA","invasive (category D2)","L48"
"AngMaSoSlNc49193-00","Cestrum parqui NA","invasive (category D2)","L48"
"GymPiPiCpRs50377-00","Chamaecyparis obtusa NA","established (category C3)","L48"
NA,"Chrysanthemoides monilifera NA","invasive (category D2)","L48"
"AngMaMaChRy26730-00","Chrysobalanus icaco NA","invasive (category D2)","HI"
"AngMaErSpTc07408-00","Chrysophyllum oliviforme NA","established (category C3)","HI"
"AngMaGeRbCx16381-00","Cinchona pubescens NA","invasive (category D2)","HI"
"AngMaLaLrCx22101-00","Cinnamomum camphora NA","widespread invasive (category E)","HI"
"AngMaLaLrCx22101-00","Cinnamomum camphora NA","widespread invasive (category E)","L48"
"AngMaLaLrCx22255-00","Cinnamomum verum NA","widespread invasive (category E)","HI"
"AngMaLaLrCx22255-00","Cinnamomum verum NA","invasive (category D2)","L48"
"AngMaLaVrBn21501-00","Citharexylum caudatum NA","widespread invasive (category E)","HI"
"AngMaLaVrBn21528-00","Citharexylum spinosum NA","established (category C3)","HI"
"AngMaSaRtCx47174-00","Citrus japonica NA","established (category C3)","L48"
"AngMaSaRtCx47177-00","Citrus medica NA","established (category C3)","L48"
"AngMaLaLmCx20991-00","Clerodendrum bungei NA","widespread invasive (category E)","L48"
"AngMaLaLmCx20994-00","Clerodendrum chinense NA","widespread invasive (category E)","HI"
"AngMaLaLmCx20994-00","Clerodendrum chinense NA","invasive (category D2)","L48"
"AngMaLaLmCx21010-00","Clerodendrum indicum NA","invasive (category D2)","L48"
"AngMaLaLmCx21012-00","Clerodendrum japonicum NA","invasive (category D2)","L48"
"AngMaLaLmCx21024-00","Clerodendrum macrostegium NA","established (category C3)","HI"
"AngMaLaLmCx21047-00","Clerodendrum trichotomum NA","established (category C3)","L48"
"AngMaErClTh05220-00","Clethra mexicana NA","established (category C3)","HI"
"AngMaErPnTp05842-00","Cleyera japonica NA","established (category C3)","L48"
"AngMaMaClSc27740-00","Clusia rosea NA","widespread invasive (category E)","HI"
"AngMaCaPlYa03464-00","Coccoloba uvifera NA","established (category C3)","HI"
"AngNAPaRcCx49879-00","Coccothrinax barbadensis NA","invasive (category D2)","HI"
"AngMaRaMnSp42781-00","Cocculus laurifolius NA","established (category C3)","L48"
"AngLiArRcCx00002-00","Cocos nucifera NA","widespread invasive (category E)","L48"
"AngMaGeRbCx16397-00","Coffea arabica NA","widespread invasive (category E)","HI"
"AngMaGeRbCx16443-00","Coffea liberica NA","invasive (category D2)","HI"
"AngMaFaFbCx10461-00","Cojoba graciliflora NA","established (category C3)","L48"
"AngMaMyCmBr35482-00","Conocarpus erectus NA","established (category C3)","HI"
"AngMaGeRbCx16529-00","Coprosma repens NA","established (category C3)","L48"
"AngMaBoCrDc02270-00","Cordia alliodora NA","invasive (category D2)","HI"
"AngMaBoCrDc02300-00","Cordia dichotoma NA","invasive (category D2)","HI"
"AngMaBoCrDc02300-00","Cordia dichotoma NA","invasive (category D2)","L48"
"AngMaBoCrDc02359-00","Cordia lutea NA","established (category C3)","HI"
"AngMaBoCrDc02375-00","Cordia myxa NA","established (category C3)","L48"
"AngMaBoCrDc02403-00","Cordia sebestena NA","established (category C3)","L48"
NA,"Cordyline australis NA","established (category C3)","L48"
"AngMaCoCrNc04144-00","Cornus kousa NA","invasive (category D2)","HI"
"AngMaCoCrNc04144-00","Cornus kousa NA","widespread invasive (category E)","L48"
"AngMaCoCrNc04146-00","Cornus mas NA","established (category C3)","L48"
"AngMaLaLmCx21055-00","Cornutia pyramidata NA","established (category C3)","L48"
"AngMaFaBtLc14092-00","Corylus avellana NA","established (category C3)","L48"
"AngMaFaBtLc14098-00","Corylus heterophylla NA","established (category C3)","L48"
"AngMaMyMyRt37352-00","Corymbia calophylla NA","established (category C3)","HI"
"AngMaMyMyRt37356-00","Corymbia citriodora NA","widespread invasive (category E)","HI"
"AngMaMyMyRt37356-00","Corymbia citriodora NA","invasive (category D2)","L48"
"AngMaMyMyRt37375-00","Corymbia ficifolia NA","established (category C3)","HI"
"AngMaMyMyRt37381-00","Corymbia gummifera NA","established (category C3)","HI"
"AngMaMyMyRt37421-00","Corymbia torelliana NA","established (category C3)","L48"
"AngMaCuCrYn04250-00","Corynocarpus laevigatus NA","invasive (category D2)","HI"
"AngMaSaNcRd46505-00","Cotinus coggygria NA","established (category C3)","L48"
"AngMaRoRsCx44167-00","Cotoneaster frigidus NA","established (category C3)","L48"
"AngMaRoRsCx44223-00","Crataegus laevigata NA","established (category C3)","L48"
"AngMaRoRsCx44234-00","Crataegus monogyna NA","invasive (category D2)","AK"
"AngMaRoRsCx44234-00","Crataegus monogyna NA","widespread invasive (category E)","L48"
"AngMaFaFbCx10543-00","Crotalaria longirostrata NA","established (category C3)","HI"
"AngMaMaPhRb29275-00","Croton guatemalensis NA","established (category C3)","HI"
"GymPiPiCpRs50380-00","Cryptomeria japonica NA","widespread invasive (category E)","HI"
"GymPiPiCpRs50380-00","Cryptomeria japonica NA","widespread invasive (category E)","L48"
"GymPiPiCpRs50382-00","Cunninghamia lanceolata NA","invasive (category D2)","L48"
"AngMaSaSpNd48352-00","Cupaniopsis anacardioides NA","invasive (category D2)","HI"
"AngMaSaSpNd48352-00","Cupaniopsis anacardioides NA","invasive (category D2)","L48"
"GymPiPiCpRs50394-00","Cupressus macrocarpa NA","established (category C3)","HI"
"GymCyCyCyCd50338-00","Cycas circinalis NA","established (category C3)","L48"
"AngMaGeRbCx16691-00","Cyclophyllum barbatum NA","established (category C3)","HI"
"AngMaRoRsCx44283-00","Cydonia oblonga NA","established (category C3)","L48"
"AngMaCaCcTc03066-00","Cylindropuntia fulgida NA","invasive (category D2)","HI"
"GymPiPiPdCr50490-00","Dacrycarpus imbricatus NA","established (category C3)","HI"
"AngMaFaFbCx10837-00","Dalbergia sissoo NA","established (category C3)","L48"
"AngMaFaFbCx10889-00","Delonix regia NA","widespread invasive (category E)","HI"
"AngMaFaFbCx10889-00","Delonix regia NA","invasive (category D2)","L48"
"AngMaFaFbCx10904-00","Desmodium cajanifolium NA","established (category C3)","HI"
"AngMaCoHyDr04162-00","Deutzia crenata NA","established (category C3)","L48"
"AngMaCoHyDr04164-00","Deutzia gracilis NA","established (category C3)","L48"
"AngMaFaFbCx10948-00","Dichrostachys cinerea NA","invasive (category D2)","L48"
"AngMaSaSpNd48436-00","Dimocarpus longan NA","established (category C3)","L48"
"AngMaErBnCx04657-00","Diospyros ebenum NA","established (category C3)","L48"
"AngMaErBnCx04844-00","Diospyros maritima NA","established (category C3)","L48"
"AngMaMaSlCc32275-00","Dovyalis hebecarpa NA","established (category C3)","HI"
"AngMaLaVrBn21538-00","Duranta erecta NA","widespread invasive (category E)","HI"
"AngNAPaRcCx49947-00","Dypsis lutescens NA","invasive (category D2)","L48"
"AngMaRoLgNa42900-00","Elaeagnus angustifolia NA","widespread invasive (category E)","L48"
"AngMaRoLgNa42928-00","Elaeagnus multiflora NA","established (category C3)","L48"
"AngMaRoLgNa42932-00","Elaeagnus pungens NA","widespread invasive (category E)","L48"
"AngNAPaRcCx49962-00","Elaeis guineensis NA","invasive (category D2)","L48"
"AngMaOxLcRp41518-00","Elaeocarpus angustifolius NA","established (category C3)","HI"
"AngMaOxLcRp41521-00","Elaeocarpus argenteus NA","established (category C3)","HI"
"AngMaFaFbCx11100-00","Enterolobium contortisiliquum NA","established (category C3)","L48"
"AngMaFaFbCx11101-00","Enterolobium cyclocarpum NA","established (category C3)","HI"
NA,"Erythrina crista-galli NA","widespread invasive (category E)","HI"
NA,"Erythrina crista-galli NA","invasive (category D2)","L48"
"AngMaFaFbCx11200-00","Erythrina poeppigiana NA","invasive (category D2)","HI"
"AngMaFaFbCx11214-00","Erythrina speciosa NA","established (category C3)","HI"
"AngMaMyMyRt37472-00","Eucalyptus albens NA","established (category C3)","HI"
"AngMaMyMyRt37535-00","Eucalyptus botryoides NA","established (category C3)","HI"
"AngMaMyMyRt37543-00","Eucalyptus bridgesiana NA","established (category C3)","HI"
"AngMaMyMyRt37561-00","Eucalyptus camaldulensis NA","invasive (category D2)","HI"
"AngMaMyMyRt37561-00","Eucalyptus camaldulensis NA","invasive (category D2)","L48"
"AngMaMyMyRt37588-00","Eucalyptus cinerea NA","invasive (category D2)","HI"
"AngMaMyMyRt37589-00","Eucalyptus cladocalyx NA","invasive (category D2)","HI"
"AngMaMyMyRt37589-00","Eucalyptus cladocalyx NA","invasive (category D2)","L48"
"AngMaMyMyRt37610-00","Eucalyptus cornuta NA","established (category C3)","HI"
"AngMaMyMyRt37616-00","Eucalyptus crebra NA","established (category C3)","HI"
"AngMaMyMyRt37637-00","Eucalyptus deanei NA","established (category C3)","HI"
"AngMaMyMyRt37643-00","Eucalyptus deglupta NA","established (category C3)","HI"
"AngMaMyMyRt37729-00","Eucalyptus glaucescens NA","established (category C3)","L48"
"AngMaMyMyRt37732-00","Eucalyptus globulus NA","invasive (category D2)","HI"
"AngMaMyMyRt37732-00","Eucalyptus globulus NA","invasive (category D2)","L48"
"AngMaMyMyRt37735-00","Eucalyptus gomphocephala NA","established (category C3)","HI"
"AngMaMyMyRt37738-00","Eucalyptus goniocalyx NA","established (category C3)","HI"
"AngMaMyMyRt37741-00","Eucalyptus grandis NA","invasive (category D2)","L48"
"AngMaMyMyRt37803-00","Eucalyptus lehmannii NA","invasive (category D2)","L48"
"AngMaMyMyRt37838-00","Eucalyptus marginata NA","established (category C3)","HI"
"AngMaMyMyRt37854-00","Eucalyptus microcorys NA","established (category C3)","HI"
"AngMaMyMyRt37924-00","Eucalyptus paniculata NA","established (category C3)","HI"
"AngMaMyMyRt37947-00","Eucalyptus pilularis NA","established (category C3)","HI"
"AngMaMyMyRt37959-00","Eucalyptus polyanthemos NA","established (category C3)","L48"
"AngMaMyMyRt37976-00","Eucalyptus pulchella NA","invasive (category D2)","HI"
"AngMaMyMyRt37976-00","Eucalyptus pulchella NA","invasive (category D2)","L48"
"AngMaMyMyRt37977-00","Eucalyptus pulverulenta NA","established (category C3)","L48"
"AngMaMyMyRt37979-00","Eucalyptus punctata NA","established (category C3)","HI"
"AngMaMyMyRt37992-00","Eucalyptus raveretiana NA","established (category C3)","HI"
"AngMaMyMyRt38002-00","Eucalyptus resinifera NA","established (category C3)","HI"
"AngMaMyMyRt38011-00","Eucalyptus robusta NA","widespread invasive (category E)","HI"
"AngMaMyMyRt38011-00","Eucalyptus robusta NA","invasive (category D2)","L48"
"AngMaMyMyRt38019-00","Eucalyptus rudis NA","established (category C3)","HI"
"AngMaMyMyRt38026-00","Eucalyptus saligna NA","invasive (category D2)","HI"
"AngMaMyMyRt38045-00","Eucalyptus sideroxylon NA","invasive (category D2)","HI"
"AngMaMyMyRt38045-00","Eucalyptus sideroxylon NA","invasive (category D2)","L48"
"AngMaMyMyRt38093-00","Eucalyptus tereticornis NA","invasive (category D2)","HI"
"AngMaMyMyRt38093-00","Eucalyptus tereticornis NA","invasive (category D2)","L48"
"AngMaMyMyRt38104-00","Eucalyptus torquata NA","established (category C3)","L48"
"AngMaMyMyRt38128-00","Eucalyptus viminalis NA","invasive (category D2)","HI"
"AngMaMyMyRt38128-00","Eucalyptus viminalis NA","invasive (category D2)","L48"
"AngMaGaCmMc15097-00","Eucommia ulmoides NA","established (category C3)","L48"
"AngMaMyMyRt38233-00","Eugenia brasiliensis NA","established (category C3)","HI"
"AngMaMyMyRt38850-00","Eugenia uniflora NA","widespread invasive (category E)","HI"
"AngMaMyMyRt38850-00","Eugenia uniflora NA","invasive (category D2)","L48"
"AngMaCeClSt03652-00","Euonymus europaeus NA","established (category C3)","L48"
"AngMaCeClSt03663-00","Euonymus hamiltonianus NA","established (category C3)","L48"
"AngMaCeClSt03668-00","Euonymus japonicus NA","established (category C3)","L48"
"AngMaCeClSt03674-00","Euonymus maackii NA","established (category C3)","L48"
"AngMaMaPhRb29573-00","Euphorbia antiquorum NA","established (category C3)","HI"
"AngMaMaPhRb29612-00","Euphorbia dendroides NA","established (category C3)","L48"
"AngMaMaPhRb29648-00","Euphorbia ingens NA","established (category C3)","HI"
"AngMaMaPhRb29656-00","Euphorbia lactea NA","widespread invasive (category E)","HI"
"AngMaMaPhRb29656-00","Euphorbia lactea NA","invasive (category D2)","L48"
"AngMaMaPhRb29728-00","Euphorbia tirucalli NA","widespread invasive (category E)","HI"
"AngMaMaPhRb29728-00","Euphorbia tirucalli NA","invasive (category D2)","L48"
"AngMaFaFgCx14295-00","Fagus sylvatica NA","established (category C3)","L48"
"AngMaRoMrCx43101-00","Ficus altissima NA","invasive (category D2)","L48"
"AngMaRoMrCx43154-00","Ficus benghalensis NA","invasive (category D2)","L48"
"AngMaRoMrCx43156-00","Ficus benjamina NA","invasive (category D2)","L48"
"AngMaRoMrCx43199-00","Ficus carica NA","widespread invasive (category E)","L48"
"AngMaRoMrCx43288-00","Ficus elastica NA","invasive (category D2)","L48"
"AngMaRoMrCx43437-00","Ficus macrophylla NA","established (category C3)","HI"
"AngMaRoMrCx43465-00","Ficus microcarpa NA","widespread invasive (category E)","HI"
"AngMaRoMrCx43465-00","Ficus microcarpa NA","invasive (category D2)","L48"
"AngMaRoMrCx43491-00","Ficus nota NA","established (category C3)","HI"
"AngMaRoMrCx43520-00","Ficus palmata NA","established (category C3)","L48"
"AngMaRoMrCx43538-00","Ficus platypoda NA","established (category C3)","HI"
"AngMaRoMrCx43576-00","Ficus religiosa NA","widespread invasive (category E)","HI"
"AngMaRoMrCx43576-00","Ficus religiosa NA","invasive (category D2)","L48"
"AngMaRoMrCx43589-00","Ficus rubiginosa NA","widespread invasive (category E)","HI"
"AngMaRoMrCx43589-00","Ficus rubiginosa NA","invasive (category D2)","L48"
"AngMaRoMrCx43675-00","Ficus thonningii NA","invasive (category D2)","L48"
"AngMaSaSpNd48505-00","Filicium decipiens NA","established (category C3)","HI"
"AngMaMaMlVc34042-00","Firmiana simplex NA","widespread invasive (category E)","L48"
"AngMaAsStRc01813-00","Fitchia speciosa NA","established (category C3)","HI"
"AngMaMaSlCc32291-00","Flacourtia indica NA","widespread invasive (category E)","HI"
"AngMaMaSlCc32291-00","Flacourtia indica NA","invasive (category D2)","L48"
"AngMaMaSlCc32304-00","Flacourtia zippelii NA","established (category C3)","HI"
"AngMaSaRtCx47294-00","Flindersia brayleyana NA","established (category C3)","HI"
"AngMaMaPhYl31038-00","Flueggea acidoton NA","established (category C3)","L48"
"AngMaMaPhYl31043-00","Flueggea virosa NA","established (category C3)","HI"
"AngMaRoRhMn43952-00","Frangula alnus NA","widespread invasive (category E)","L48"
"AngMaLaLcXx20635-00","Fraxinus excelsior NA","established (category C3)","L48"
"AngMaLaLcXx20640-00","Fraxinus griffithii NA","established (category C3)","HI"
"AngMaLaLcXx20669-00","Fraxinus uhdei NA","widespread invasive (category E)","HI"
"AngMaLaLcXx20669-00","Fraxinus uhdei NA","invasive (category D2)","L48"
"AngMaMyNgRc40927-00","Fuchsia boliviana NA","invasive (category D2)","HI"
"AngMaMyNgRc40927-00","Fuchsia boliviana NA","invasive (category D2)","L48"
"AngMaMyNgRc40931-00","Fuchsia paniculata NA","widespread invasive (category E)","HI"
"AngMaMyNgRc40931-00","Fuchsia paniculata NA","invasive (category D2)","L48"
"AngMaFaFbCx11295-00","Genista aetnensis NA","invasive (category D2)","L48"
"AngMaFaFbCx11296-00","Genista maderensis NA","established (category C3)","L48"
"GymGiGiGnKg50344-00","Ginkgo biloba NA","established (category C3)","L48"
"AngMaFaFbCx11359-00","Gliricidia sepium NA","invasive (category D2)","HI"
"AngMaFaFbCx11359-00","Gliricidia sepium NA","invasive (category D2)","L48"
"AngMaSaRtCx47333-00","Glycosmis parviflora NA","invasive (category D2)","L48"
"AngMaMaMlVc34052-00","Gossypium barbadense NA","widespread invasive (category E)","HI"
"AngMaMaMlVc34055-00","Gossypium hirsutum NA","widespread invasive (category E)","HI"
"AngMaPrPrTc42319-00","Grevillea banksii NA","widespread invasive (category E)","HI"
"AngMaPrPrTc42338-00","Grevillea robusta NA","widespread invasive (category E)","HI"
"AngMaPrPrTc42338-00","Grevillea robusta NA","invasive (category D2)","L48"
"AngMaMaMlVc34068-00","Grewia asiatica NA","established (category C3)","L48"
"AngMaMaMlVc34073-00","Grewia biloba NA","established (category C3)","L48"
"AngMaMaMlVc34181-00","Grewia truncata NA","established (category C3)","HI"
"AngMaZyZyGp49508-00","Guaiacum officinale NA","established (category C3)","HI"
"AngMaZyZyGp49509-00","Guaiacum sanctum NA","established (category C3)","HI"
"AngMaFaFbCx11386-00","Haematoxylum campechianum NA","widespread invasive (category E)","HI"
"AngMaSaSpNd48593-00","Harpullia arborea NA","established (category C3)","L48"
"AngMaMaMlVc34220-00","Heliocarpus americanus NA","established (category C3)","HI"
"AngMaMaMlVc34242-00","Heritiera littoralis NA","established (category C3)","HI"
"AngMaRoRsCx44291-00","Heteromeles arbutifolia NA","established (category C3)","HI"
"AngMaMaMlVc34313-00","Hibiscus mutabilis NA","invasive (category D2)","HI"
"AngMaMaMlVc34313-00","Hibiscus mutabilis NA","invasive (category D2)","L48"
NA,"Hibiscus rosa-sinensis NA","established (category C3)","L48"
"AngMaMaMlVc34322-00","Hibiscus schizopetalus NA","established (category C3)","L48"
"AngMaMaMlPg28647-00","Hiptage benghalensis NA","invasive (category D2)","HI"
"AngMaMaMlPg28647-00","Hiptage benghalensis NA","invasive (category D2)","L48"
"AngMaMaMlVc34345-00","Hoheria populnea NA","established (category C3)","L48"
"AngMaMaPhRb29847-00","Homalanthus populifolius NA","widespread invasive (category E)","HI"
"AngMaMaPhRb29848-00","Homalanthus populneus NA","established (category C3)","HI"
"AngMaRoRhMn43990-00","Hovenia dulcis NA","invasive (category D2)","L48"
"AngMaCoHyDr04169-00","Hydrangea paniculata NA","established (category C3)","L48"
"AngMaMaSlCc32428-00","Idesia polycarpa NA","established (category C3)","L48"
"AngMaAqQfLc01135-00","Ilex aquifolium NA","widespread invasive (category E)","AK"
"AngMaAqQfLc01135-00","Ilex aquifolium NA","invasive (category D2)","HI"
"AngMaAqQfLc01135-00","Ilex aquifolium NA","invasive (category D2)","L48"
"AngMaAqQfLc01163-00","Ilex cassine NA","established (category C3)","HI"
"AngMaAqQfLc01188-00","Ilex cornuta NA","established (category C3)","L48"
"AngMaAqQfLc01192-00","Ilex crenata NA","established (category C3)","L48"
"AngMaAqQfLc01376-00","Ilex paraguariensis NA","established (category C3)","HI"
"AngMaAqQfLc01412-00","Ilex rotunda NA","established (category C3)","L48"
"AngMaFaFbCx11579-00","Inga feuillei NA","established (category C3)","HI"
"AngMaGeRbCx17554-00","Ixora pavetta NA","established (category C3)","L48"
"AngMaLaBgNn20181-00","Jacaranda mimosifolia NA","widespread invasive (category E)","HI"
"AngMaLaBgNn20181-00","Jacaranda mimosifolia NA","invasive (category D2)","L48"
"AngMaMaPhRb29869-00","Jatropha curcas NA","widespread invasive (category E)","HI"
"AngMaMaPhRb29869-00","Jatropha curcas NA","invasive (category D2)","L48"
"AngMaMaPhRb29878-00","Jatropha integerrima NA","established (category C3)","L48"
"AngMaMaPhRb29885-00","Jatropha multifida NA","widespread invasive (category E)","HI"
"AngMaMaPhRb29885-00","Jatropha multifida NA","invasive (category D2)","L48"
"AngMaFaJgLn15001-00","Juglans ailantifolia NA","established (category C3)","L48"
"AngMaFaJgLn15009-00","Juglans mandshurica NA","invasive (category D2)","L48"
"AngMaFaJgLn15016-00","Juglans regia NA","widespread invasive (category E)","L48"
"GymPiPiCpRs50406-00","Juniperus bermudiana NA","established (category C3)","HI"
"GymPiPiCpRs50411-00","Juniperus chinensis NA","established (category C3)","L48"
"AngMaLaCnTh20402-00","Justicia spicigera NA","widespread invasive (category E)","HI"
"AngMaLaCnTh20402-00","Justicia spicigera NA","invasive (category D2)","L48"
"AngMaApRlCx00483-00","Kalopanax septemlobus NA","established (category C3)","L48"
"AngMaSaMlCx46153-00","Khaya senegalensis NA","established (category C3)","L48"
"AngMaSaSpNd48614-00","Koelreuteria bipinnata NA","established (category C3)","L48"
"AngMaSaSpNd48615-00","Koelreuteria elegans NA","invasive (category D2)","L48"
"AngMaSaSpNd48616-00","Koelreuteria paniculata NA","widespread invasive (category E)","L48"
"AngMaFaFbCx11793-00","Laburnum anagyroides NA","established (category C3)","L48"
"AngMaMyLyTh35765-00","Lagerstroemia indica NA","widespread invasive (category E)","L48"
"AngMaMaMlVc34369-00","Lagunaria patersonia NA","established (category C3)","L48"
"GymPiPiPnCx50691-00","Larix decidua NA","widespread invasive (category E)","L48"
"GymPiPiPnCx50694-00","Larix kaempferi NA","established (category C3)","L48"
"AngMaLaLrCx22770-00","Laurus nobilis NA","invasive (category D2)","L48"
"AngMaMyMyRt38965-00","Leptospermum laevigatum NA","invasive (category D2)","HI"
"AngMaMyMyRt38965-00","Leptospermum laevigatum NA","invasive (category D2)","L48"
"AngMaMyMyRt38969-00","Leptospermum morrisonii NA","established (category C3)","HI"
"AngMaMyMyRt38971-00","Leptospermum petersonii NA","established (category C3)","HI"
"AngMaMyMyRt38974-00","Leptospermum scoparium NA","widespread invasive (category E)","HI"
"AngMaFaFbCx11822-00","Leucaena diversifolia NA","invasive (category D2)","HI"
"AngMaFaFbCx11823-00","Leucaena esculenta NA","established (category C3)","L48"
"AngNAPaRcCx50065-00","Licuala spinosa NA","established (category C3)","HI"
"AngMaLaLcXx20683-00","Ligustrum japonicum NA","widespread invasive (category E)","L48"
"AngMaLaLcXx20687-00","Ligustrum lucidum NA","widespread invasive (category E)","HI"
"AngMaLaLcXx20687-00","Ligustrum lucidum NA","widespread invasive (category E)","L48"
"AngMaLaLcXx20689-00","Ligustrum ovalifolium NA","widespread invasive (category E)","L48"
"AngMaLaLcXx20694-00","Ligustrum sinense NA","widespread invasive (category E)","HI"
"AngMaLaLcXx20694-00","Ligustrum sinense NA","widespread invasive (category E)","L48"
"AngMaMaMgNl24157-00","Liriodendron tulipifera NA","established (category C3)","HI"
"AngNAPaRcCx50076-00","Livistona chinensis NA","widespread invasive (category E)","HI"
"AngNAPaRcCx50076-00","Livistona chinensis NA","invasive (category D2)","L48"
"AngMaFaFbCx11948-00","Lonchocarpus punctatus NA","established (category C3)","L48"
"AngMaMyMyRt38983-00","Lophostemon confertus NA","established (category C3)","HI"
"AngMaSaHmMl49041-00","Loropetalum chinense NA","established (category C3)","L48"
"AngMaMyCmBr35488-00","Lumnitzera racemosa NA","established (category C3)","L48"
"AngMaFaFbCx12002-00","Lysiloma sabicu NA","established (category C3)","L48"
"AngMaFaFbCx12009-00","Maackia amurensis NA","established (category C3)","L48"
"AngMaPrPrTc42480-00","Macadamia integrifolia NA","established (category C3)","HI"
"AngMaPrPrTc42483-00","Macadamia tetraphylla NA","established (category C3)","HI"
"AngMaMaPhRb30084-00","Macaranga mappa NA","widespread invasive (category E)","HI"
"AngMaMaPhRb30172-00","Macaranga tanarius NA","established (category C3)","HI"
"AngMaRoMrCx43755-00","Maclura tricuspidata NA","established (category C3)","L48"
"AngMaMaMgNl24272-00","Magnolia kobus NA","established (category C3)","L48"
"AngMaMaMgNl24390-00","Magnolia stellata NA","established (category C3)","L48"
"AngMaSaSpNd48661-00","Majidea zanguebarica NA","established (category C3)","HI"
"AngMaMaPhRb30258-00","Mallotus philippensis NA","established (category C3)","HI"
"AngMaMaMlPg28659-00","Malpighia emarginata NA","established (category C3)","L48"
"AngMaRoRsCx44300-00","Malus baccata NA","established (category C3)","L48"
"AngMaRoRsCx44301-00","Malus coronaria NA","established (category C3)","L48"
"AngMaRoRsCx44306-00","Malus floribunda NA","established (category C3)","L48"
"AngMaRoRsCx44308-00","Malus halliana NA","established (category C3)","L48"
"AngMaRoRsCx44310-00","Malus hupehensis NA","established (category C3)","L48"
"AngMaRoRsCx44315-00","Malus mandshurica NA","established (category C3)","L48"
"AngMaRoRsCx44319-00","Malus prunifolia NA","established (category C3)","L48"
NA,"Malus sieboldii NA","established (category C3)","L48"
"AngMaRoRsCx44322-00","Malus spectabilis NA","established (category C3)","L48"
"AngMaMaMlVc34416-00","Malvaviscus arboreus NA","established (category C3)","L48"
"AngMaSaNcRd46637-00","Mangifera indica NA","widespread invasive (category E)","HI"
"AngMaSaNcRd46637-00","Mangifera indica NA","widespread invasive (category E)","L48"
"AngMaMaPhRb30292-00","Manihot esculenta NA","widespread invasive (category E)","HI"
"AngMaMaPhRb30292-00","Manihot esculenta NA","widespread invasive (category E)","L48"
NA,"Manihot glaziovii NA","established (category C3)","HI"
"AngMaMaPhRb30294-00","Manihot grahamii NA","invasive (category D2)","L48"
"AngMaErSpTc07711-00","Manilkara zapota NA","invasive (category D2)","L48"
"AngMaLaBgNn20199-00","Markhamia lutea NA","invasive (category D2)","HI"
"AngMaCeClSt03787-00","Maytenus boaria NA","established (category C3)","L48"
"AngMaMyMyRt38996-00","Melaleuca armillaris NA","established (category C3)","HI"
"AngMaMyMyRt38996-00","Melaleuca armillaris NA","established (category C3)","L48"
"AngMaMyMyRt39032-00","Melaleuca linariifolia NA","established (category C3)","L48"
"AngMaMyMyRt39042-00","Melaleuca quinquenervia NA","widespread invasive (category E)","HI"
"AngMaMyMyRt39042-00","Melaleuca quinquenervia NA","invasive (category D2)","L48"
"AngMaMyMlSt36208-00","Melastoma sanguineum NA","invasive (category D2)","HI"
"AngMaSaMlCx46177-00","Melia azedarach NA","widespread invasive (category E)","HI"
"AngMaSaMlCx46177-00","Melia azedarach NA","widespread invasive (category E)","L48"
"AngMaSaSpNd48704-00","Melicoccus bijugatus NA","invasive (category D2)","L48"
"AngMaSaRtCx47408-00","Melicope elleryana NA","established (category C3)","HI"
"AngMaMaMlVc34484-00","Melochia umbellata NA","established (category C3)","HI"
"GymPiPiCpRs50456-00","Metasequoia glyptostroboides NA","established (category C3)","L48"
"AngMaMyMyRt39077-00","Metrosideros kermadecensis NA","established (category C3)","HI"
"AngMaMyMlSt36564-00","Miconia calvescens NA","widespread invasive (category E)","HI"
"AngMaErSpTc07764-00","Mimusops coriacea NA","established (category C3)","L48"
"AngMaErSpTc07766-00","Mimusops elengi NA","widespread invasive (category E)","HI"
"AngMaErSpTc07766-00","Mimusops elengi NA","invasive (category D2)","L48"
"AngMaFaMyRc15035-00","Morella cerifera NA","widespread invasive (category E)","HI"
"AngMaFaMyRc15038-00","Morella faya NA","widespread invasive (category E)","HI"
"AngMaFaMyRc15055-00","Morella rubra NA","established (category C3)","L48"
"AngMaGeRbCx17808-00","Morinda citrifolia NA","invasive (category D2)","L48"
"AngMaBrMrNg02781-00","Moringa oleifera NA","widespread invasive (category E)","L48"
"AngMaBrMrNg02786-00","Moringa stenopetala NA","established (category C3)","HI"
"AngMaRoMrCx43765-00","Morus alba NA","invasive (category D2)","HI"
"AngMaRoMrCx43765-00","Morus alba NA","widespread invasive (category E)","L48"
"AngMaRoMrCx43773-00","Morus nigra NA","established (category C3)","L48"
"AngMaMaMnTn35073-00","Muntingia calabura NA","invasive (category D2)","L48"
"AngMaSaRtCx47517-00","Murraya paniculata NA","widespread invasive (category E)","HI"
"AngMaSaRtCx47517-00","Murraya paniculata NA","invasive (category D2)","L48"
"AngMaLaScRp21468-00","Myoporum laetum NA","invasive (category D2)","L48"
"AngMaMyMyRt39669-00","Myrciaria floribunda NA","established (category C3)","HI"
"AngMaMyMyRt39690-00","Myrtus communis NA","established (category C3)","L48"
"AngMaSoSlNc49250-00","Nicotiana glauca NA","widespread invasive (category E)","HI"
"AngMaSoSlNc49250-00","Nicotiana glauca NA","widespread invasive (category E)","L48"
"AngMaLaLcXx20730-00","Noronhia emarginata NA","widespread invasive (category E)","HI"
"AngMaLaLcXx20730-00","Noronhia emarginata NA","invasive (category D2)","L48"
"AngMaMaChNc26458-00","Ochna serrulata NA","widespread invasive (category E)","HI"
"AngMaMaChNc26458-00","Ochna serrulata NA","invasive (category D2)","L48"
"AngMaMaChNc26460-00","Ochna thomasiana NA","established (category C3)","HI"
"AngMaGePcYn15606-00","Ochrosia elliptica NA","invasive (category D2)","L48"
"AngMaLaLcXx20795-00","Olea europaea NA","invasive (category D2)","HI"
"AngMaLaLcXx20795-00","Olea europaea NA","invasive (category D2)","L48"
"AngMaCaCcTc03102-00","Opuntia leucotricha NA","invasive (category D2)","L48"
"AngMaCaCcTc03103-00","Opuntia monacantha NA","invasive (category D2)","HI"
"AngMaCaCcTc03103-00","Opuntia monacantha NA","invasive (category D2)","L48"
"AngMaLaLcXx20817-00","Osmanthus heterophyllus NA","established (category C3)","L48"
"AngMaFaFbCx12613-00","Paraserianthes lophantha NA","widespread invasive (category E)","L48"
"AngMaFaFbCx12642-00","Parkia timoriana NA","established (category C3)","HI"
"AngMaFaFbCx12646-00","Parkinsonia aculeata NA","invasive (category D2)","HI"
"AngMaLaPlWn21407-00","Paulownia tomentosa NA","widespread invasive (category E)","L48"
"AngMaFaFbCx12680-00","Peltophorum dubium NA","established (category C3)","L48"
"AngMaFaFbCx12681-00","Peltophorum pterocarpum NA","widespread invasive (category E)","HI"
"AngMaFaFbCx12681-00","Peltophorum pterocarpum NA","invasive (category D2)","L48"
"AngMaCaCcTc03117-00","Pereskia grandifolia NA","established (category C3)","L48"
"AngMaLaLrCx23732-00","Persea americana NA","widespread invasive (category E)","HI"
"AngMaLaLrCx23732-00","Persea americana NA","widespread invasive (category E)","L48"
"AngMaSaRtCx47535-00","Phellodendron amurense NA","widespread invasive (category E)","L48"
"AngMaSaRtCx47536-00","Phellodendron chinense NA","established (category C3)","L48"
"AngNAPaRcCx50137-00","Phoenix canariensis NA","invasive (category D2)","L48"
"AngNAPaRcCx50138-00","Phoenix dactylifera NA","invasive (category D2)","HI"
"AngNAPaRcCx50138-00","Phoenix dactylifera NA","invasive (category D2)","L48"
"AngLiArRcCx00004-00","Phoenix reclinata NA","invasive (category D2)","L48"
"AngMaRoRsCx44339-00","Photinia glabra NA","established (category C3)","L48"
"AngMaRoRsCx44348-00","Photinia serratifolia NA","established (category C3)","L48"
NA,"Photinia villosa NA","established (category C3)","L48"
"AngMaMaPhYl31254-00","Phyllanthus acidus NA","established (category C3)","HI"
"AngMaMaPhYl31254-00","Phyllanthus acidus NA","established (category C3)","L48"
"AngMaMaPhYl31263-00","Phyllanthus angustifolius NA","established (category C3)","L48"
"AngMaMaPhYl31358-00","Phyllanthus reticulatus NA","established (category C3)","HI"
"AngMaCaPhYt03344-00","Phytolacca dioica NA","invasive (category D2)","HI"
"GymPiPiPnCx50702-00","Picea abies NA","widespread invasive (category E)","L48"
"GymPiPiPnCx50727-00","Picea orientalis NA","established (category C3)","L48"
"AngMaErRcCa07047-00","Pieris japonica NA","established (category C3)","L48"
"AngMaMyMyRt39718-00","Pimenta dioica NA","widespread invasive (category E)","HI"
"AngMaMyMyRt39718-00","Pimenta dioica NA","invasive (category D2)","L48"
"AngMaMyMyRt39729-00","Pimenta racemosa NA","widespread invasive (category E)","HI"
"GymPiPiPnCx50748-00","Pinus brutia NA","established (category C3)","L48"
"GymPiPiPnCx50767-00","Pinus elliottii NA","invasive (category D2)","HI"
"GymPiPiPnCx50774-00","Pinus halepensis NA","invasive (category D2)","L48"
"GymPiPiPnCx50801-00","Pinus mugo NA","invasive (category D2)","L48"
"GymPiPiPnCx50804-00","Pinus nigra NA","widespread invasive (category E)","L48"
"GymPiPiPnCx50809-00","Pinus patula NA","invasive (category D2)","HI"
"GymPiPiPnCx50811-00","Pinus pinaster NA","invasive (category D2)","HI"
"GymPiPiPnCx50811-00","Pinus pinaster NA","invasive (category D2)","L48"
"GymPiPiPnCx50813-00","Pinus pinea NA","invasive (category D2)","L48"
"GymPiPiPnCx50820-00","Pinus radiata NA","invasive (category D2)","HI"
"GymPiPiPnCx50824-00","Pinus roxburghii NA","invasive (category D2)","L48"
"GymPiPiPnCx50832-00","Pinus sylvestris NA","widespread invasive (category E)","L48"
"GymPiPiPnCx50834-00","Pinus taeda NA","invasive (category D2)","HI"
"GymPiPiPnCx50838-00","Pinus thunbergii NA","invasive (category D2)","L48"
"GymPiPiPnCx50844-00","Pinus wallichiana NA","invasive (category D2)","L48"
"AngMaPiPpRc42098-00","Piper aduncum NA","widespread invasive (category E)","HI"
"AngMaPiPpRc42110-00","Piper auritum NA","widespread invasive (category E)","HI"
"AngMaPiPpRc42110-00","Piper auritum NA","invasive (category D2)","L48"
"AngMaFaFbCx12737-00","Piscidia piscipula NA","established (category C3)","HI"
"AngMaSaNcRd46757-00","Pistacia atlantica NA","established (category C3)","L48"
"AngMaSaNcRd46758-00","Pistacia chinensis NA","established (category C3)","L48"
"AngMaSaNcRd46765-00","Pistacia vera NA","established (category C3)","L48"
"AngMaFaFbCx12742-00","Pithecellobium dulce NA","widespread invasive (category E)","HI"
"AngMaFaFbCx12742-00","Pithecellobium dulce NA","invasive (category D2)","L48"
"AngMaApPtTs00075-00","Pittosporum crassifolium NA","established (category C3)","L48"
"AngMaApPtTs00054-00","Pittosporum crassifolium NA","established (category C3)","L48"
"AngMaApPtTs00063-00","Pittosporum eugenioides NA","established (category C3)","L48"
"AngMaApPtTs00132-00","Pittosporum pentandrum NA","invasive (category D2)","HI"
"AngMaApPtTs00132-00","Pittosporum pentandrum NA","invasive (category D2)","L48"
"AngMaApPtTs00145-00","Pittosporum senacia NA","established (category C3)","HI"
"AngMaApPtTs00153-00","Pittosporum tenuifolium NA","established (category C3)","L48"
"AngMaApPtTs00161-00","Pittosporum undulatum NA","invasive (category D2)","HI"
"AngMaApPtTs00164-00","Pittosporum undulatum NA","invasive (category D2)","HI"
"AngMaApPtTs00161-00","Pittosporum undulatum NA","invasive (category D2)","L48"
"AngMaApPtTs00164-00","Pittosporum undulatum NA","invasive (category D2)","L48"
"AngMaApPtTs00167-00","Pittosporum viridiflorum NA","established (category C3)","HI"
"GymPiPiCpRs50460-00","Platycladus orientalis NA","established (category C3)","L48"
"AngMaFaFbCx12784-00","Platymiscium stipulare NA","invasive (category D2)","HI"
"AngMaApRlCx00700-00","Plerandra elegantissima NA","established (category C3)","HI"
"GymPiPiPdCr50550-00","Podocarpus elatus NA","established (category C3)","HI"
"GymPiPiPdCr50573-00","Podocarpus macrophyllus NA","invasive (category D2)","HI"
"GymPiPiPdCr50573-00","Podocarpus macrophyllus NA","invasive (category D2)","L48"
"AngMaMaNnNc25948-00","Polyalthia suberosa NA","widespread invasive (category E)","HI"
"AngMaMaNnNc25948-00","Polyalthia suberosa NA","invasive (category D2)","L48"
"AngMaApRlCx00895-00","Polyscias guilfoylei NA","established (category C3)","L48"
"AngMaMaSlCc32499-00","Populus alba NA","widespread invasive (category E)","L48"
"AngMaMaSlCc32525-00","Populus nigra NA","established (category C3)","L48"
"AngMaMaSlCc32535-00","Populus simonii NA","established (category C3)","L48"
"AngMaMaSlCc32538-00","Populus tremula NA","established (category C3)","L48"
"AngMaErSpTc08108-00","Pouteria campechiana NA","invasive (category D2)","L48"
"AngMaErSpTc08133-00","Pouteria dominigensis NA","established (category C3)","L48"
"AngMaLaLmCx21159-00","Premna odorata NA","established (category C3)","L48"
"AngMaFaFbCx12842-00","Prosopis juliflora NA","widespread invasive (category E)","HI"
"AngMaFaFbCx12845-00","Prosopis laevigata NA","established (category C3)","L48"
"AngMaFaFbCx12848-00","Prosopis pallida NA","widespread invasive (category E)","HI"
"AngMaRoRsCx44384-00","Prunus armeniaca NA","established (category C3)","L48"
"AngMaRoRsCx44385-00","Prunus avium NA","invasive (category D2)","AK"
"AngMaRoRsCx44385-00","Prunus avium NA","widespread invasive (category E)","L48"
"AngMaRoRsCx44397-00","Prunus campanulata NA","established (category C3)","HI"
"AngMaRoRsCx44400-00","Prunus cerasifera NA","widespread invasive (category E)","L48"
"AngMaRoRsCx44401-00","Prunus cerasoides NA","established (category C3)","L48"
"AngMaRoRsCx44402-00","Prunus cerasus NA","widespread invasive (category E)","L48"
"AngMaRoRsCx44423-00","Prunus domestica NA","widespread invasive (category E)","L48"
NA,"Prunus dulcis NA","established (category C3)","L48"
"AngMaRoRsCx44456-00","Prunus laurocerasus NA","widespread invasive (category E)","L48"
"AngMaRoRsCx44462-00","Prunus lusitanica NA","established (category C3)","L48"
NA,"Prunus maackii NA","invasive (category D2)","AK"
"AngMaRoRsCx44463-00","Prunus mahaleb NA","widespread invasive (category E)","L48"
"AngMaRoRsCx44475-00","Prunus mume NA","established (category C3)","L48"
"AngMaRoRsCx44491-00","Prunus padus NA","widespread invasive (category E)","AK"
"AngMaRoRsCx44491-00","Prunus padus NA","widespread invasive (category E)","L48"
"AngMaRoRsCx44495-00","Prunus persica NA","widespread invasive (category E)","HI"
"AngMaRoRsCx44495-00","Prunus persica NA","widespread invasive (category E)","L48"
"AngMaRoRsCx44525-00","Prunus serrulata NA","established (category C3)","L48"
"AngMaRoRsCx44529-00","Prunus spinosa NA","established (category C3)","L48"
"AngMaRoRsCx44549-00","Prunus triloba NA","established (category C3)","L48"
"AngMaRoRsCx44560-00","Prunus virginiana NA","widespread invasive (category E)","AK"
"AngMaMyMyRt39808-00","Psidium guajava NA","widespread invasive (category E)","HI"
"AngMaMyMyRt39808-00","Psidium guajava NA","widespread invasive (category E)","L48"
"AngMaGeRbCx18870-00","Psychotria punctata NA","established (category C3)","L48"
"AngMaFaJgLn15026-00","Pterocarya stenoptera NA","established (category C3)","L48"
"AngNAPaRcCx50191-00","Ptychosperma elegans NA","invasive (category D2)","L48"
"AngNAPaRcCx50192-00","Ptychosperma macarthurii NA","invasive (category D2)","HI"
"AngNAPaRcCx50192-00","Ptychosperma macarthurii NA","invasive (category D2)","L48"
"AngMaMyLyTh35796-00","Punica granatum NA","established (category C3)","L48"
"AngMaRoRsCx44571-00","Pyracantha angustifolia NA","invasive (category D2)","HI"
"AngMaRoRsCx44571-00","Pyracantha angustifolia NA","invasive (category D2)","L48"
"AngMaRoRsCx44573-00","Pyracantha crenulata NA","invasive (category D2)","L48"
"AngMaRoRsCx44574-00","Pyracantha koidzumii NA","invasive (category D2)","HI"
"AngMaRoRsCx44574-00","Pyracantha koidzumii NA","invasive (category D2)","L48"
"AngMaRoRsCx44583-00","Pyrus calleryana NA","widespread invasive (category E)","L48"
"AngMaRoRsCx44585-00","Pyrus communis NA","established (category C3)","L48"
"AngMaRoRsCx44587-00","Pyrus cordata NA","established (category C3)","L48"
"AngMaRoRsCx44608-00","Pyrus pyrifolia NA","established (category C3)","L48"
"AngMaBrCpPr02714-00","Quadrella incana NA","established (category C3)","L48"
"AngMaFaFgCx14598-00","Quercus acutissima NA","established (category C3)","L48"
"AngMaFaFgCx14652-00","Quercus cerris NA","invasive (category D2)","L48"
"AngMaFaFgCx14759-00","Quercus ilex NA","invasive (category D2)","L48"
"AngMaFaFgCx14888-00","Quercus robur NA","established (category C3)","L48"
"AngMaFaFgCx14925-00","Quercus suber NA","invasive (category D2)","HI"
"AngMaFaFgCx14925-00","Quercus suber NA","invasive (category D2)","L48"
"AngMaLaBgNn20242-00","Radermachera sinica NA","established (category C3)","L48"
"AngMaGePcYn15725-00","Rauvolfia vomitoria NA","established (category C3)","HI"
"AngMaRoRhMn44053-00","Rhamnus arguta NA","established (category C3)","L48"
"AngMaRoRhMn44054-00","Rhamnus cathartica NA","widespread invasive (category E)","L48"
"AngMaRoRhMn44056-00","Rhamnus davurica NA","established (category C3)","L48"
"AngMaRoRhMn44081-00","Rhamnus utilis NA","established (category C3)","L48"
"AngMaMaRhZp31883-00","Rhizophora mangle NA","widespread invasive (category E)","HI"
"AngMaMyMyRt39887-00","Rhodomyrtus tomentosa NA","widespread invasive (category E)","HI"
"AngMaMyMyRt39887-00","Rhodomyrtus tomentosa NA","invasive (category D2)","L48"
NA,"Rhus taitensis NA","established (category C3)","HI"
"AngMaMaPhRb30426-00","Ricinus communis NA","widespread invasive (category E)","HI"
"AngMaMaPhRb30426-00","Ricinus communis NA","widespread invasive (category E)","L48"
"AngNAPaRcCx50242-00","Roystonea regia NA","established (category C3)","HI"
"AngMaMaSlCc32565-00","Salix alba NA","widespread invasive (category E)","L48"
"AngMaMaSlCc32570-00","Salix atrocinerea NA","established (category C3)","L48"
"AngMaMaSlCc32571-00","Salix babylonica NA","widespread invasive (category E)","L48"
"AngMaMaSlCc32583-00","Salix caprea NA","widespread invasive (category E)","L48"
"AngMaMaSlCc32593-00","Salix cinerea NA","invasive (category D2)","L48"
"AngMaMaSlCc32596-00","Salix daphnoides NA","established (category C3)","L48"
"AngMaMaSlCc32602-00","Salix eleagnos NA","established (category C3)","L48"
"AngMaMaSlCc32657-00","Salix pentandra NA","invasive (category D2)","AK"
"AngMaMaSlCc32657-00","Salix pentandra NA","invasive (category D2)","L48"
"AngMaMaSlCc32673-00","Salix purpurea NA","established (category C3)","L48"
"AngMaMaSlCc32705-00","Salix viminalis NA","established (category C3)","L48"
"AngMaFaFbCx12938-00","Samanea saman NA","widespread invasive (category E)","HI"
"AngMaFaFbCx12938-00","Samanea saman NA","invasive (category D2)","L48"
"AngMaSaMlCx46214-00","Sandoricum koetjape NA","established (category C3)","HI"
"AngMaSaSnTl45212-00","Santalum album NA","widespread invasive (category E)","HI"
"AngMaSaSnTl45212-00","Santalum album NA","invasive (category D2)","L48"
"AngMaSaSpNd48817-00","Sapindus mukorossi NA","established (category C3)","L48"
"AngNAPaRcCx50259-00","Saribus rotundifolius NA","established (category C3)","L48"
"AngMaSaNcRd46816-00","Schinus molle NA","widespread invasive (category E)","HI"
"AngMaSaNcRd46816-00","Schinus molle NA","widespread invasive (category E)","L48"
"AngMaSaNcRd46821-00","Schinus polygama NA","established (category C3)","L48"
"AngMaSaNcRd46824-00","Schinus terebinthifolia NA","invasive (category D2)","HI"
"AngMaSaNcRd46824-00","Schinus terebinthifolia NA","invasive (category D2)","L48"
"AngMaSaNcRd46846-00","Searsia lancea NA","established (category C3)","L48"
"AngMaFaFbCx13079-00","Senna alata NA","widespread invasive (category E)","HI"
"AngMaFaFbCx13079-00","Senna alata NA","widespread invasive (category E)","L48"
"AngMaFaFbCx13086-00","Senna atomaria NA","established (category C3)","L48"
"AngMaFaFbCx13101-00","Senna corymbosa NA","established (category C3)","L48"
"AngMaFaFbCx13105-00","Senna didymobotrya NA","invasive (category D2)","HI"
"AngMaFaFbCx13105-00","Senna didymobotrya NA","invasive (category D2)","L48"
"AngMaFaFbCx13136-00","Senna multiglandulosa NA","established (category C3)","L48"
"AngMaFaFbCx13137-00","Senna multijuga NA","invasive (category D2)","HI"
"AngMaFaFbCx13162-00","Senna septemtrionalis NA","widespread invasive (category E)","HI"
"AngMaFaFbCx13163-00","Senna siamea NA","invasive (category D2)","HI"
"AngMaFaFbCx13163-00","Senna siamea NA","invasive (category D2)","L48"
"AngMaFaFbCx13169-00","Senna spectabilis NA","invasive (category D2)","HI"
"AngMaFaFbCx13169-00","Senna spectabilis NA","invasive (category D2)","L48"
"AngMaFaFbCx13173-00","Senna surattensis NA","widespread invasive (category E)","HI"
"AngMaFaFbCx13173-00","Senna surattensis NA","invasive (category D2)","L48"
"AngMaFaFbCx13209-00","Sesbania grandiflora NA","established (category C3)","L48"
"AngMaFaFbCx13214-00","Sesbania punicea NA","invasive (category D2)","L48"
"AngMaFaFbCx13215-00","Sesbania sesban NA","invasive (category D2)","HI"
"AngMaFaFbCx13216-00","Sesbania virgata NA","established (category C3)","L48"
"AngMaErSpTc08413-00","Sideroxylon persimile NA","established (category C3)","HI"
"AngMaSoSlNc49308-00","Solanum chrysotrichum NA","invasive (category D2)","L48"
"AngMaSoSlNc49362-00","Solanum lanceolatum NA","established (category C3)","L48"
"AngMaSoSlNc49376-00","Solanum mauritianum NA","invasive (category D2)","HI"
"AngMaSoSlNc49376-00","Solanum mauritianum NA","invasive (category D2)","L48"
"AngMaSoSlNc49445-00","Solanum tampicense NA","invasive (category D2)","L48"
"AngMaSoSlNc49451-00","Solanum torvum NA","widespread invasive (category E)","HI"
"AngMaSoSlNc49451-00","Solanum torvum NA","invasive (category D2)","L48"
"AngMaSoSlNc49456-00","Solanum umbellatum NA","established (category C3)","L48"
"AngMaFaFbCx13257-00","Sophora tomentosa NA","established (category C3)","HI"
"AngMaRoRsCx44648-00","Sorbus alnifolia NA","established (category C3)","L48"
"AngMaRoRsCx44654-00","Sorbus aucuparia NA","widespread invasive (category E)","AK"
"AngMaRoRsCx44654-00","Sorbus aucuparia NA","widespread invasive (category E)","L48"
NA,"Sorbus hybrida NA","established (category C3)","L48"
"AngMaRoRsCx44682-00","Sorbus intermedia NA","established (category C3)","L48"
"AngMaLaBgNn20267-00","Spathodea campanulata NA","widespread invasive (category E)","HI"
"AngMaLaBgNn20267-00","Spathodea campanulata NA","invasive (category D2)","L48"
"AngMaRoRsCx44728-00","Spiraea cantoniensis NA","established (category C3)","L48"
"AngMaSaNcRd46954-00","Spondias purpurea NA","established (category C3)","L48"
"AngMaMaMlVc34869-00","Sterculia apetala NA","widespread invasive (category E)","HI"
"AngMaMaMlVc34893-00","Sterculia foetida NA","established (category C3)","HI"
"AngMaGeLgNc15295-00","Strychnos spinosa NA","established (category C3)","L48"
"AngMaFaFbCx13301-00","Styphnolobium japonicum NA","widespread invasive (category E)","L48"
"AngMaErStYr08545-00","Styrax japonicus NA","established (category C3)","L48"
"AngMaSaMlCx46219-00","Swietenia macrophylla NA","established (category C3)","HI"
"AngMaSaMlCx46220-00","Swietenia mahagoni NA","established (category C3)","HI"
"AngNAPaRcCx50284-00","Syagrus romanzoffiana NA","widespread invasive (category E)","HI"
"AngNAPaRcCx50284-00","Syagrus romanzoffiana NA","invasive (category D2)","L48"
"AngMaErSyMp08764-00","Symplocos paniculata NA","established (category C3)","L48"
"AngMaMyMyRt39915-00","Syncarpia glomulifera NA","established (category C3)","HI"
"AngMaLaLcXx20846-00","Syringa reticulata NA","established (category C3)","L48"
"AngMaLaLcXx20848-00","Syringa villosa NA","established (category C3)","L48"
"AngMaLaLcXx20849-00","Syringa vulgaris NA","widespread invasive (category E)","L48"
"AngMaMyMyRt40134-00","Syzygium cumini NA","widespread invasive (category E)","HI"
"AngMaMyMyRt40134-00","Syzygium cumini NA","invasive (category D2)","L48"
"AngMaMyMyRt40249-00","Syzygium grande NA","invasive (category D2)","HI"
"AngMaMyMyRt40306-00","Syzygium jambos NA","widespread invasive (category E)","HI"
"AngMaMyMyRt40306-00","Syzygium jambos NA","invasive (category D2)","L48"
"AngMaMyMyRt40387-00","Syzygium malaccense NA","widespread invasive (category E)","HI"
"AngMaMyMyRt40448-00","Syzygium nervosum NA","invasive (category D2)","L48"
"AngMaMyMyRt40704-00","Syzygium syzygioides NA","established (category C3)","HI"
"AngMaLaBgNn20299-00","Tabebuia aurea NA","widespread invasive (category E)","HI"
"AngMaLaBgNn20299-00","Tabebuia aurea NA","invasive (category D2)","L48"
"AngMaLaBgNn20318-00","Tabebuia heterophylla NA","widespread invasive (category E)","HI"
"AngMaLaBgNn20338-00","Tabebuia pallida NA","established (category C3)","HI"
"AngMaLaBgNn20350-00","Tabebuia rosea NA","invasive (category D2)","HI"
"AngMaGePcYn15743-00","Tabernaemontana alba NA","established (category C3)","L48"
"AngMaGePcYn15781-00","Tabernaemontana divaricata NA","established (category C3)","L48"
"AngMaGePcYn15801-00","Tabernaemontana litoralis NA","established (category C3)","HI"
"AngMaGePcYn15817-00","Tabernaemontana pandacaqui NA","established (category C3)","HI"
"AngMaFaFbCx13557-00","Tamarindus indica NA","widespread invasive (category E)","HI"
"AngMaFaFbCx13557-00","Tamarindus indica NA","invasive (category D2)","L48"
"AngMaCaTmRc03532-00","Tamarix africana NA","invasive (category D2)","L48"
"AngMaCaTmRc03535-00","Tamarix aphylla NA","invasive (category D2)","L48"
"AngMaCaTmRc03536-00","Tamarix aralensis NA","established (category C3)","L48"
"AngMaCaTmRc03541-00","Tamarix canariensis NA","established (category C3)","L48"
"AngMaCaTmRc03542-00","Tamarix chinensis NA","widespread invasive (category E)","L48"
"AngMaCaTmRc03548-00","Tamarix gallica NA","widespread invasive (category E)","L48"
"AngMaCaTmRc03561-00","Tamarix parviflora NA","widespread invasive (category E)","L48"
"AngMaCaTmRc03564-00","Tamarix ramosissima NA","widespread invasive (category E)","L48"
"AngMaCaTmRc03570-00","Tamarix tetragyna NA","established (category C3)","L48"
"AngMaFaFbCx13559-00","Tara spinosa NA","established (category C3)","L48"
"GymPiPiTxCx50907-00","Taxus baccata NA","established (category C3)","L48"
"GymPiPiTxCx50911-00","Taxus cuspidata NA","established (category C3)","L48"
NA,"Tecoma capensis NA","widespread invasive (category E)","L48"
"AngMaLaBgNn20360-00","Tecoma castanifolia NA","established (category C3)","HI"
"AngMaLaBgNn20362-00","Tecoma stans NA","invasive (category D2)","HI"
"AngMaMyCmBr35533-00","Terminalia catappa NA","widespread invasive (category E)","HI"
"AngMaMyCmBr35533-00","Terminalia catappa NA","invasive (category D2)","L48"
"AngMaMyCmBr35623-00","Terminalia muelleri NA","established (category C3)","L48"
"AngMaMyCmBr35624-00","Terminalia myriocarpa NA","established (category C3)","HI"
"AngMaSaRtCx47612-00","Tetradium daniellii NA","established (category C3)","L48"
"AngMaApRlCx01101-00","Tetrapanax papyrifer NA","widespread invasive (category E)","HI"
"AngMaApRlCx01015-00","Tetrapanax papyrifer NA","widespread invasive (category E)","HI"
"AngMaApRlCx01101-00","Tetrapanax papyrifer NA","invasive (category D2)","L48"
"AngMaApRlCx01015-00","Tetrapanax papyrifer NA","invasive (category D2)","L48"
"AngMaMaMlVc35002-00","Thespesia populnea NA","invasive (category D2)","L48"
"AngMaMyMlSt37200-00","Tibouchina longifolia NA","established (category C3)","HI"
"AngMaMaMlVc35009-00","Tilia cordata NA","established (category C3)","L48"
"AngMaMaMlVc35022-00","Tilia platyphyllos NA","established (category C3)","L48"
"AngMaSaMlCx46224-00","Toona ciliata NA","widespread invasive (category E)","HI"
"AngMaSaMlCx46224-00","Toona ciliata NA","invasive (category D2)","L48"
"AngMaMaPhRb30559-00","Triadica sebifera NA","widespread invasive (category E)","L48"
"AngMaCaPlYa03511-00","Triplaris melaenodendron NA","established (category C3)","L48"
"AngMaCaPlYa03520-00","Triplaris weigeltiana NA","established (category C3)","HI"
"AngMaMaMlVc35053-00","Triumfetta semitriloba NA","established (category C3)","HI"
"AngMaRoLmCa42967-00","Ulmus glabra NA","established (category C3)","L48"
"AngMaRoLmCa42979-00","Ulmus parvifolia NA","established (category C3)","L48"
"AngMaRoLmCa42982-00","Ulmus pumila NA","widespread invasive (category E)","L48"
"AngMaFaFbCx13636-00","Vachellia cornigera NA","established (category C3)","L48"
"AngMaFaFbCx13651-00","Vachellia farnesiana NA","widespread invasive (category E)","HI"
"AngMaFaFbCx13721-00","Vachellia sphaerocephala NA","established (category C3)","L48"
"AngMaGePcYn15850-00","Vallesia glabra NA","established (category C3)","L48"
"AngMaMaPhRb30610-00","Vernicia fordii NA","invasive (category D2)","L48"
"AngMaMaPhRb30611-00","Vernicia montana NA","established (category C3)","HI"
"AngMaDiVbRn04464-00","Viburnum rhytidophyllum NA","established (category C3)","L48"
"AngMaDiVbRn04478-00","Viburnum tinus NA","established (category C3)","L48"
NA,"Vitex agnus-castus NA","established (category C3)","L48"
"AngMaLaLmCx21285-00","Vitex glabrata NA","established (category C3)","L48"
"AngMaLaLmCx21323-00","Vitex negundo NA","established (category C3)","L48"
"AngMaLaLmCx21330-00","Vitex parviflora NA","established (category C3)","HI"
"AngMaLaLmCx21367-00","Vitex trifolia NA","widespread invasive (category E)","HI"
"AngMaLaLmCx21367-00","Vitex trifolia NA","invasive (category D2)","L48"
"AngNAPaRcCx50314-00","Washingtonia filifera NA","invasive (category D2)","HI"
"AngNAPaRcCx50315-00","Washingtonia robusta NA","widespread invasive (category E)","HI"
"AngNAPaRcCx50315-00","Washingtonia robusta NA","widespread invasive (category E)","L48"
"AngMaAsStRc02224-00","Wedelia fruticosa NA","established (category C3)","L48"
"AngMaBoNmCx02553-00","Wigandia urens NA","invasive (category D2)","L48"
NA,"Xylosma congesta NA","established (category C3)","L48"
"AngMaRoLmCa42993-00","Zelkova serrata NA","established (category C3)","L48"
"AngMaRoRhMn44123-00","Ziziphus jujuba NA","widespread invasive (category E)","L48"
"AngMaRoRhMn44127-00","Ziziphus mauritiana NA","invasive (category D2)","HI"
"AngMaRoRhMn44127-00","Ziziphus mauritiana NA","invasive (category D2)","L48"
